 Leadership 	cff2bbeb6a8b099e	PJM	ENTRY_LEVEL	Skill
 Communication 	1afc79195e2f84e2	PJM	ENTRY_LEVEL	Skill
 Project Management 	1afc79195e2f84e2	PJM	ENTRY_LEVEL	Skill
 Documentation 	faf94905ce155883	PJM	ENTRY_LEVEL	Skill
 Communication 	faf94905ce155883	PJM	ENTRY_LEVEL	Skill
 Project Management 	faf94905ce155883	PJM	ENTRY_LEVEL	Skill
 Testing 	9412e53bd5d44310	PJM	ENTRY_LEVEL	Skill
 Communication 	ab540c9314f972f3	PJM	ENTRY_LEVEL	Skill
 TDD 	29cd0f64930713df	PJM	ENTRY_LEVEL	Skill
 Scrum 	85931a46c591be57	PJM	ENTRY_LEVEL	Skill
 Agile 	85931a46c591be57	PJM	ENTRY_LEVEL	Skill
 Software Development 	85931a46c591be57	PJM	ENTRY_LEVEL	Skill
 Development 	85931a46c591be57	PJM	ENTRY_LEVEL	Skill
 Communication 	e170f4bf0405dd9a	PJM	ENTRY_LEVEL	Skill
 Project Management 	e170f4bf0405dd9a	PJM	ENTRY_LEVEL	Skill
 Microsoft Office 	e170f4bf0405dd9a	PJM	ENTRY_LEVEL	Tool
 Adaptability 	7b23f0648cb8fa96	PJM	ENTRY_LEVEL	Skill
 Collaboration 	7b23f0648cb8fa96	PJM	ENTRY_LEVEL	Skill
 Time Management 	7b23f0648cb8fa96	PJM	ENTRY_LEVEL	Skill
 Communication 	7b23f0648cb8fa96	PJM	ENTRY_LEVEL	Skill
 Project Management 	7b23f0648cb8fa96	PJM	ENTRY_LEVEL	Skill
 Development 	7b23f0648cb8fa96	PJM	ENTRY_LEVEL	Skill
 Adaptability 	d4a3e54f6c84f651	PJM	ENTRY_LEVEL	Skill
 Collaboration 	d4a3e54f6c84f651	PJM	ENTRY_LEVEL	Skill
 Time Management 	d4a3e54f6c84f651	PJM	ENTRY_LEVEL	Skill
 Communication 	d4a3e54f6c84f651	PJM	ENTRY_LEVEL	Skill
 Project Management 	d4a3e54f6c84f651	PJM	ENTRY_LEVEL	Skill
 Development 	d4a3e54f6c84f651	PJM	ENTRY_LEVEL	Skill
 Collaboration 	69285628428c7837	PJM	ENTRY_LEVEL	Skill
 Communication 	69285628428c7837	PJM	ENTRY_LEVEL	Skill
 Documentation 	55b7cf4ebf63c66d	PJM	ENTRY_LEVEL	Skill
 Contract Administration 	55b7cf4ebf63c66d	PJM	ENTRY_LEVEL	Skill
 Project Management 	55b7cf4ebf63c66d	PJM	ENTRY_LEVEL	Skill
 Go 	b530d3f42d1bd675	PJM	ENTRY_LEVEL	Language
 Documentation 	b530d3f42d1bd675	PJM	ENTRY_LEVEL	Skill
 Leadership 	b530d3f42d1bd675	PJM	ENTRY_LEVEL	Skill
 Development 	b530d3f42d1bd675	PJM	ENTRY_LEVEL	Skill
 Documentation 	711f82d92b2e1bf4	PJM	ENTRY_LEVEL	Skill
 Communication 	711f82d92b2e1bf4	PJM	ENTRY_LEVEL	Skill
 Excel 	711f82d92b2e1bf4	PJM	ENTRY_LEVEL	Tool
 Microsoft Office 	711f82d92b2e1bf4	PJM	ENTRY_LEVEL	Tool
 Communication 	b0086575b42219e2	PJM	ENTRY_LEVEL	Skill
 Communication 	36d30545cf983c75	PJM	ENTRY_LEVEL	Skill
 Leadership 	36d30545cf983c75	PJM	ENTRY_LEVEL	Skill
 Construction Management 	36d30545cf983c75	PJM	ENTRY_LEVEL	Skill
 Project Management 	36d30545cf983c75	PJM	ENTRY_LEVEL	Skill
 Development 	36d30545cf983c75	PJM	ENTRY_LEVEL	Skill
 Problem Solving 	398537926cd0003f	PJM	ENTRY_LEVEL	Skill
 Communication 	398537926cd0003f	PJM	ENTRY_LEVEL	Skill
 Leadership 	398537926cd0003f	PJM	ENTRY_LEVEL	Skill
 Documentation 	96a1958dcebc120b	PJM	ENTRY_LEVEL	Skill
 Communication 	96a1958dcebc120b	PJM	ENTRY_LEVEL	Skill
 Testing 	96a1958dcebc120b	PJM	ENTRY_LEVEL	Skill
 Change Management 	96a1958dcebc120b	PJM	ENTRY_LEVEL	Skill
 Development 	96a1958dcebc120b	PJM	ENTRY_LEVEL	Skill
 Leadership 	6cc4e10e7112874d	PJM	ENTRY_LEVEL	Skill
 Project Management 	3ed06d7c4938e6b0	PJM	ENTRY_LEVEL	Skill
 Development 	3ed06d7c4938e6b0	PJM	ENTRY_LEVEL	Skill
 Documentation 	8501454b12d65b4f	PJM	ENTRY_LEVEL	Skill
 Problem Solving 	8501454b12d65b4f	PJM	ENTRY_LEVEL	Skill
 Communication 	33ed73c379f7f9af	PJM	ENTRY_LEVEL	Skill
 Project Management 	33ed73c379f7f9af	PJM	ENTRY_LEVEL	Skill
 Leadership 	2a761419435e8b17	PJM	ENTRY_LEVEL	Skill
 Microsoft Office 	2a761419435e8b17	PJM	ENTRY_LEVEL	Tool
 Collaboration 	c9828b824def825b	PJM	ENTRY_LEVEL	Skill
 Communication 	c9828b824def825b	PJM	ENTRY_LEVEL	Skill
 Project Management 	c9828b824def825b	PJM	ENTRY_LEVEL	Skill
 Communication 	5e8a87b3048749e9	PJM	ENTRY_LEVEL	Skill
 Leadership 	5e8a87b3048749e9	PJM	ENTRY_LEVEL	Skill
 Project Management 	5e8a87b3048749e9	PJM	ENTRY_LEVEL	Skill
 Excel 	5e8a87b3048749e9	PJM	ENTRY_LEVEL	Tool
 Microsoft Office 	5e8a87b3048749e9	PJM	ENTRY_LEVEL	Tool
 Time Management 	5ffdbc1942463e1f	PJM	ENTRY_LEVEL	Skill
 Communication 	5ffdbc1942463e1f	PJM	ENTRY_LEVEL	Skill
 Teamwork 	0bb416357a4679d6	PJM	ENTRY_LEVEL	Skill
 Time Management 	0bb416357a4679d6	PJM	ENTRY_LEVEL	Skill
 Communication 	0bb416357a4679d6	PJM	ENTRY_LEVEL	Skill
 Leadership 	0bb416357a4679d6	PJM	ENTRY_LEVEL	Skill
 Construction Management 	0bb416357a4679d6	PJM	ENTRY_LEVEL	Skill
 Word 	0bb416357a4679d6	PJM	ENTRY_LEVEL	Tool
 Excel 	0bb416357a4679d6	PJM	ENTRY_LEVEL	Tool
 Go 	bb1a53de65ed86c6	PJM	ENTRY_LEVEL	Language
 Documentation 	bb1a53de65ed86c6	PJM	ENTRY_LEVEL	Skill
 Communication 	bb1a53de65ed86c6	PJM	ENTRY_LEVEL	Skill
 Communication 	d553d28fadc1809f	PJM	ENTRY_LEVEL	Skill
 Project Management 	d553d28fadc1809f	PJM	ENTRY_LEVEL	Skill
 Project Management 	82b864b821729ca9	PJM	ENTRY_LEVEL	Skill
 Time Management 	a324e2bb08623a41	PJM	ENTRY_LEVEL	Skill
 Communication 	a324e2bb08623a41	PJM	ENTRY_LEVEL	Skill
 Communication 	ee564483dd8f3ce0	PJM	ENTRY_LEVEL	Skill
 Project Management 	b4178654cfc579bb	PJM	ENTRY_LEVEL	Skill
 Go 	c8467813ea3478d6	PJM	ENTRY_LEVEL	Language
 Go 	e0364b9ce231a59e	PJM	ENTRY_LEVEL	Language
 Communication 	e0364b9ce231a59e	PJM	ENTRY_LEVEL	Skill
 Communication 	644a85372b3ff36c	PJM	ENTRY_LEVEL	Skill
 Project Management 	644a85372b3ff36c	PJM	ENTRY_LEVEL	Skill
 Documentation 	e88572b44325bbe2	PJM	ENTRY_LEVEL	Skill
 Communication 	e88572b44325bbe2	PJM	ENTRY_LEVEL	Skill
 Word 	e88572b44325bbe2	PJM	ENTRY_LEVEL	Tool
 Communication 	823e6e71bc873be2	PJM	ENTRY_LEVEL	Skill
 Excel 	823e6e71bc873be2	PJM	ENTRY_LEVEL	Tool
 Communication 	69aa68fe67473960	PJM	ENTRY_LEVEL	Skill
 Microsoft Office 	69aa68fe67473960	PJM	ENTRY_LEVEL	Tool
