3d102ceefa634d03	Thermo Fisher Scientific	Engineer III, Robotics Engineer - Lenexa, KS	Lenexa, KS 66215	ME	MID_LEVEL	Estimated $92.9K - $118K a year
7ee6757d7a440d86	GHT Limited Consulting Engineers	Plumbing Design Engineer	Arlington, VA	ME	MID_LEVEL	Estimated $81.8K - $104K a year
9015f1e280f8d3bb	Motive Companies	Vehicle Dynamics Engineer	Brownsburg, IN	ME	MID_LEVEL	$1,730 - $2,115 a week
1c5d67ebf8fa0f16	Thermo Fisher Scientific	Field Service Engineer II - Liquid Handling	Houston, TX 77070	ME	MID_LEVEL	Estimated $75.2K - $95.3K a year
92d565ac4611776a	FLAG Solutions	Maintenance/EHS Manager - Forging Aerospace Company - 110k to 120k	Santa Ana, CA	ME	MID_LEVEL	$110,000 - $120,000 a year
c8162d348dc1eb1d	Accura Engineering & Consulting Services, Inc.	Mechanical Engineer (Huntsville, AL)	Knoxville, TN 37902 (Downtown area)	ME	MID_LEVEL	$80,000 - $100,000 a year
d0f22d77a9124b9e	GHT Limited Consulting Engineers	Mechanical Design Engineers	Arlington, VA	ME	MID_LEVEL	Estimated $73.7K - $93.3K a year
24fcec7cc413316d	Thermo Fisher Scientific	Field Service Engineer II - Liquid Handling	Miami, FL	ME	MID_LEVEL	Estimated $72.9K - $92.3K a year
deb2963bb5213a05	Thermo Fisher Scientific	Field Service Engineer II - Liquid Handling	Maryland	ME	MID_LEVEL	Estimated $76.2K - $96.5K a year
4820e8cefe5e73f2	Thermo Fisher Scientific	Field Service Engineer II - Liquid Handling	Atlanta, GA 30320	ME	MID_LEVEL	Estimated $72.2K - $91.4K a year
45a8caa2b6c5cf8c	Accura Engineering & Consulting Services, Inc.	Mechanical Engineer (Huntsville, AL)	Chattanooga, TN 37409	ME	MID_LEVEL	$80,000 - $100,000 a year
18d2185232ecfb27	Accura Engineering & Consulting Services, Inc.	Mechanical Engineer (Huntsville, AL)	Atlanta, GA 30340	ME	MID_LEVEL	$80,000 - $100,000 a year
56d7e707c9d09cd9	Accura Engineering & Consulting Services, Inc.	Mechanical Engineer (Huntsville, AL)	Birmingham, AL 35201	ME	MID_LEVEL	$80,000 - $100,000 a year
cb29877402ed9552	Accura Engineering & Consulting Services, Inc.	Mechanical Engineer (Huntsville, AL)	Nashville, TN 37203	ME	MID_LEVEL	$80,000 - $100,000 a year
525cfbf467f6c65f	Accura Engineering & Consulting Services, Inc.	Mechanical Engineer (Huntsville, AL)	Memphis, TN 38103 (Downtown area)	ME	MID_LEVEL	$80,000 - $100,000 a year
b7a19c801df705b8	Accura Engineering & Consulting Services, Inc.	Mechanical Engineer (Huntsville, AL)	Memphis, TN 38103 (Downtown area)	ME	MID_LEVEL	$80,000 - $100,000 a year
3f4420cc8a7f87f8	BHS Corrugated North America	Robotics Applications Engineer	Hybrid remote in Hanover Park, IL 60133	ME	MID_LEVEL	Up to $125,000 a year
982b8e63175a39c6	Teradyne	Mechanical Engineer, Test Cell Engineering	North Reading, MA 01864	ME	MID_LEVEL	Estimated $94.9K - $120K a year
de720456c7126627	Pratt & Whitney	Sr Engineer, Design F135 Fan (Hybrid)	Middletown, CT	ME	MID_LEVEL	NA
e2eb2885b6cc037f	Panevo	Engineering Graduate - Sustainability & Industrial Energy Management	Hybrid remote in Chicago, IL 60606	ME	MID_LEVEL	$65,000 - $85,000 a year
2fc671bcbc54040d	G&W Electric	Manager, Design Engineering	Bolingbrook, IL 60440	ME	MID_LEVEL	NA
7f8cd843ae89110d	Kelvin	Mechanical Engineer	Hybrid remote in Brooklyn, NY 11205	ME	MID_LEVEL	$90,000 - $125,000 a year
5e75722efc151193	Northstar Logix	CAE Engineer - Occupant Safety	Hybrid remote in Irvine, CA 92618	ME	MID_LEVEL	$70,778.70 - $80,711.98 a year
d943a36a61767eeb	I7 LLC	Military Base Mechanical Engineer Construction -Contract2Hire	Warner Robins, GA	ME	MID_LEVEL	$35 - $38 an hour
4e160db494a58dcc	Triumph Group	Project Engineer 3	West Hartford, CT 06110	ME	MID_LEVEL	NA
f47491b04a213a4b	Triumph Group	Project Engineer 3	West Hartford, CT 06110	ME	MID_LEVEL	NA
ab8cb803ea023915	Rinnai America Corp	Regulatory and Government Affairs Manager	Peachtree City, GA 30269	ME	MID_LEVEL	Estimated $89K - $113K a year
3b90501ed7ed96eb	Apple	Mechanical Design Engineer - Product Design Architecture	Austin, TX	ME	MID_LEVEL	NA
cbb9a887f64bd266	Apple	Manufacturing Design Engineer - Antenna Modules	Cupertino, CA	ME	MID_LEVEL	NA
8ce17e86435653fb	Apple	Thermal Engineer	San Diego, CA	ME	MID_LEVEL	NA
b76e7aba400944e3	Penn Technical Staffing	Mechanical Engineer	Allentown, NJ	ME	MID_LEVEL	Estimated $66.8K - $84.6K a year
abf32d820c3dcceb	Amgen	Senior Manufacturing System Engineer –Drug Substance (Automation)	Juncos, PR	ME	MID_LEVEL	$129,515 - $151,086 a year
e0d12e67e80417d6	Sincera	Mechanical Design Engineer	Remote	ME	MID_LEVEL	$45 - $55 an hour
2da76a28d85dbac4	Honda Development and Manufacturing of America,...	Plastics New Model Engineer	East Liberty, OH	ME	MID_LEVEL	Estimated $77.4K - $98K a year
174f6a991baaead3	Elite Automation	Mechanical Engineer	Lindon, UT 84042	ME	MID_LEVEL	$50,000 - $110,000 a year
5a46427d62695f15	Mitsubishi Electric Power Products, Inc.	Rolling Start Engineering Rotational Program	Warrendale, PA	ME	MID_LEVEL	Estimated $71.4K - $90.4K a year
e88dcbd5980c648b	L3Harris Technologies	Specialist, Mechanical Engineer	Palm Bay, FL	ME	MID_LEVEL	Estimated $105K - $132K a year
714b7e3c13e61314	Meta	Technical Program Manager, Audio HW subsystems	Redmond, WA	ME	MID_LEVEL	$132,000 - $196,000 a year
4a446f0e1c99f227	Gulfstream Aerospace Corporation	Completions Flammability Engineer ODA AR Candidacy - Tech Spec II	Dallas, TX	ME	MID_LEVEL	Estimated $109K - $139K a year
e5c5740a5e4483c6	J.S. Held	Equipment Mechanical Engineer	Anaheim, CA 92807	ME	MID_LEVEL	$85,000 - $120,000 a year
e0ccc74b99d5f044	Celanese International Corporation	Principal Rotating Mechanical Engineer, Reliability SME, Chemical	Pasadena, TX 77507	ME	MID_LEVEL	Estimated $111K - $141K a year
4fa8cd246688e8b1	Terminal Investment Corporation (TICO)	Mechanical Engineer	Ridgeland, SC 29936	ME	MID_LEVEL	Estimated $72.2K - $91.4K a year
3e1007bc4b0b7207	JH Kelly	Mechanical Project Engineer	Vancouver, WA 98661 (Columbia Way area)	ME	MID_LEVEL	$35 - $55 an hour
95454762af39db67	Tri City Healthcare District	ENGINEERING MECH II	Oceanside, CA 92056	ME	MID_LEVEL	Estimated $54.8K - $69.4K a year
b4164c55f4078758	ITT, Inc.	Product Design Engineer	Valencia, CA 91355	ME	MID_LEVEL	Estimated $87.6K - $111K a year
3d102ceefa634d03	Thermo Fisher Scientific	Engineer III, Robotics Engineer - Lenexa, KS	Lenexa, KS 66215	ME	MID_LEVEL	Estimated $92.9K - $118K a year
7ee6757d7a440d86	GHT Limited Consulting Engineers	Plumbing Design Engineer	Arlington, VA	ME	MID_LEVEL	Estimated $81.8K - $104K a year
9015f1e280f8d3bb	Motive Companies	Vehicle Dynamics Engineer	Brownsburg, IN	ME	MID_LEVEL	$1,730 - $2,115 a week
1c5d67ebf8fa0f16	Thermo Fisher Scientific	Field Service Engineer II - Liquid Handling	Houston, TX 77070	ME	MID_LEVEL	Estimated $75.2K - $95.3K a year
92d565ac4611776a	FLAG Solutions	Maintenance/EHS Manager - Forging Aerospace Company - 110k to 120k	Santa Ana, CA	ME	MID_LEVEL	$110,000 - $120,000 a year
d0f22d77a9124b9e	GHT Limited Consulting Engineers	Mechanical Design Engineers	Arlington, VA	ME	MID_LEVEL	Estimated $73.7K - $93.3K a year
24fcec7cc413316d	Thermo Fisher Scientific	Field Service Engineer II - Liquid Handling	Miami, FL	ME	MID_LEVEL	Estimated $72.9K - $92.3K a year
deb2963bb5213a05	Thermo Fisher Scientific	Field Service Engineer II - Liquid Handling	Maryland	ME	MID_LEVEL	Estimated $76.2K - $96.5K a year
4820e8cefe5e73f2	Thermo Fisher Scientific	Field Service Engineer II - Liquid Handling	Atlanta, GA 30320	ME	MID_LEVEL	Estimated $72.2K - $91.4K a year
3f4420cc8a7f87f8	BHS Corrugated North America	Robotics Applications Engineer	Hybrid remote in Hanover Park, IL 60133	ME	MID_LEVEL	Up to $125,000 a year
982b8e63175a39c6	Teradyne	Mechanical Engineer, Test Cell Engineering	North Reading, MA 01864	ME	MID_LEVEL	Estimated $94.9K - $120K a year
de720456c7126627	Pratt & Whitney	Sr Engineer, Design F135 Fan (Hybrid)	Middletown, CT	ME	MID_LEVEL	NA
e2eb2885b6cc037f	Panevo	Engineering Graduate - Sustainability & Industrial Energy Management	Hybrid remote in Chicago, IL 60606	ME	MID_LEVEL	$65,000 - $85,000 a year
2fc671bcbc54040d	G&W Electric	Manager, Design Engineering	Bolingbrook, IL 60440	ME	MID_LEVEL	NA
c8162d348dc1eb1d	Accura Engineering & Consulting Services, Inc.	Mechanical Engineer (Huntsville, AL)	Knoxville, TN 37902 (Downtown area)	ME	MID_LEVEL	$80,000 - $100,000 a year
45a8caa2b6c5cf8c	Accura Engineering & Consulting Services, Inc.	Mechanical Engineer (Huntsville, AL)	Chattanooga, TN 37409	ME	MID_LEVEL	$80,000 - $100,000 a year
18d2185232ecfb27	Accura Engineering & Consulting Services, Inc.	Mechanical Engineer (Huntsville, AL)	Atlanta, GA 30340	ME	MID_LEVEL	$80,000 - $100,000 a year
56d7e707c9d09cd9	Accura Engineering & Consulting Services, Inc.	Mechanical Engineer (Huntsville, AL)	Birmingham, AL 35201	ME	MID_LEVEL	$80,000 - $100,000 a year
cb29877402ed9552	Accura Engineering & Consulting Services, Inc.	Mechanical Engineer (Huntsville, AL)	Nashville, TN 37203	ME	MID_LEVEL	$80,000 - $100,000 a year
525cfbf467f6c65f	Accura Engineering & Consulting Services, Inc.	Mechanical Engineer (Huntsville, AL)	Memphis, TN 38103 (Downtown area)	ME	MID_LEVEL	$80,000 - $100,000 a year
b7a19c801df705b8	Accura Engineering & Consulting Services, Inc.	Mechanical Engineer (Huntsville, AL)	Memphis, TN 38103 (Downtown area)	ME	MID_LEVEL	$80,000 - $100,000 a year
7f8cd843ae89110d	Kelvin	Mechanical Engineer	Hybrid remote in Brooklyn, NY 11205	ME	MID_LEVEL	$90,000 - $125,000 a year
5e75722efc151193	Northstar Logix	CAE Engineer - Occupant Safety	Hybrid remote in Irvine, CA 92618	ME	MID_LEVEL	$70,778.70 - $80,711.98 a year
d943a36a61767eeb	I7 LLC	Military Base Mechanical Engineer Construction -Contract2Hire	Warner Robins, GA	ME	MID_LEVEL	$35 - $38 an hour
4e160db494a58dcc	Triumph Group	Project Engineer 3	West Hartford, CT 06110	ME	MID_LEVEL	NA
f47491b04a213a4b	Triumph Group	Project Engineer 3	West Hartford, CT 06110	ME	MID_LEVEL	NA
ab8cb803ea023915	Rinnai America Corp	Regulatory and Government Affairs Manager	Peachtree City, GA 30269	ME	MID_LEVEL	Estimated $89K - $113K a year
3b90501ed7ed96eb	Apple	Mechanical Design Engineer - Product Design Architecture	Austin, TX	ME	MID_LEVEL	NA
cbb9a887f64bd266	Apple	Manufacturing Design Engineer - Antenna Modules	Cupertino, CA	ME	MID_LEVEL	NA
8ce17e86435653fb	Apple	Thermal Engineer	San Diego, CA	ME	MID_LEVEL	NA
b76e7aba400944e3	Penn Technical Staffing	Mechanical Engineer	Allentown, NJ	ME	MID_LEVEL	Estimated $66.8K - $84.6K a year
abf32d820c3dcceb	Amgen	Senior Manufacturing System Engineer –Drug Substance (Automation)	Juncos, PR	ME	MID_LEVEL	$129,515 - $151,086 a year
e0d12e67e80417d6	Sincera	Mechanical Design Engineer	Remote	ME	MID_LEVEL	$45 - $55 an hour
2da76a28d85dbac4	Honda Development and Manufacturing of America,...	Plastics New Model Engineer	East Liberty, OH	ME	MID_LEVEL	Estimated $77.4K - $98K a year
174f6a991baaead3	Elite Automation	Mechanical Engineer	Lindon, UT 84042	ME	MID_LEVEL	$50,000 - $110,000 a year
5a46427d62695f15	Mitsubishi Electric Power Products, Inc.	Rolling Start Engineering Rotational Program	Warrendale, PA	ME	MID_LEVEL	Estimated $71.4K - $90.4K a year
e88dcbd5980c648b	L3Harris Technologies	Specialist, Mechanical Engineer	Palm Bay, FL	ME	MID_LEVEL	Estimated $105K - $132K a year
714b7e3c13e61314	Meta	Technical Program Manager, Audio HW subsystems	Redmond, WA	ME	MID_LEVEL	$132,000 - $196,000 a year
4a446f0e1c99f227	Gulfstream Aerospace Corporation	Completions Flammability Engineer ODA AR Candidacy - Tech Spec II	Dallas, TX	ME	MID_LEVEL	Estimated $109K - $139K a year
e5c5740a5e4483c6	J.S. Held	Equipment Mechanical Engineer	Anaheim, CA 92807	ME	MID_LEVEL	$85,000 - $120,000 a year
e0ccc74b99d5f044	Celanese International Corporation	Principal Rotating Mechanical Engineer, Reliability SME, Chemical	Pasadena, TX 77507	ME	MID_LEVEL	Estimated $111K - $141K a year
3e1007bc4b0b7207	JH Kelly	Mechanical Project Engineer	Vancouver, WA 98661 (Columbia Way area)	ME	MID_LEVEL	$35 - $55 an hour
4fa8cd246688e8b1	Terminal Investment Corporation (TICO)	Mechanical Engineer	Ridgeland, SC 29936	ME	MID_LEVEL	Estimated $72.2K - $91.4K a year
95454762af39db67	Tri City Healthcare District	ENGINEERING MECH II	Oceanside, CA 92056	ME	MID_LEVEL	Estimated $54.8K - $69.4K a year
791c91b61371e090	South Bay Solutions	Quality Engineer (Manufacturing)	Fremont, CA 94536 (Centerville area)	ME	MID_LEVEL	$27 - $33 an hour
fadfb303d815d166	Amazon Data Services, Inc.	Commissioning Engineer	Dallas, TX	ME	MID_LEVEL	Estimated $83.7K - $106K a year
3d102ceefa634d03	Thermo Fisher Scientific	Engineer III, Robotics Engineer - Lenexa, KS	Lenexa, KS 66215	ME	MID_LEVEL	Estimated $92.9K - $118K a year
7ee6757d7a440d86	GHT Limited Consulting Engineers	Plumbing Design Engineer	Arlington, VA	ME	MID_LEVEL	Estimated $81.8K - $104K a year
1c5d67ebf8fa0f16	Thermo Fisher Scientific	Field Service Engineer II - Liquid Handling	Houston, TX 77070	ME	MID_LEVEL	Estimated $75.2K - $95.3K a year
b1c763020356a246	Thermo Fisher Scientific	Field Service Engineer II - Liquid Handling	Miami, FL	ME	MID_LEVEL	Estimated $72.9K - $92.3K a year
870e3e0af660e70e	Thermo Fisher Scientific	Field Service Engineer II - Liquid Handling	Atlanta, GA 30320	ME	MID_LEVEL	Estimated $72.2K - $91.4K a year
ace9ab7b527abcf8	Thermo Fisher Scientific	Field Service Engineer II - Liquid Handling	Houston, TX 77070	ME	MID_LEVEL	Estimated $75.2K - $95.3K a year
9c7512e8d0c7eb6b	Thermo Fisher Scientific	Field Service Engineer II - Liquid Handling	Maryland	ME	MID_LEVEL	Estimated $76.2K - $96.5K a year
92d565ac4611776a	FLAG Solutions	Maintenance/EHS Manager - Forging Aerospace Company - 110k to 120k	Santa Ana, CA	ME	MID_LEVEL	$110,000 - $120,000 a year
24fcec7cc413316d	Thermo Fisher Scientific	Field Service Engineer II - Liquid Handling	Miami, FL	ME	MID_LEVEL	Estimated $72.9K - $92.3K a year
d0f22d77a9124b9e	GHT Limited Consulting Engineers	Mechanical Design Engineers	Arlington, VA	ME	MID_LEVEL	Estimated $73.7K - $93.3K a year
deb2963bb5213a05	Thermo Fisher Scientific	Field Service Engineer II - Liquid Handling	Maryland	ME	MID_LEVEL	Estimated $76.2K - $96.5K a year
4820e8cefe5e73f2	Thermo Fisher Scientific	Field Service Engineer II - Liquid Handling	Atlanta, GA 30320	ME	MID_LEVEL	Estimated $72.2K - $91.4K a year
3f4420cc8a7f87f8	BHS Corrugated North America	Robotics Applications Engineer	Hybrid remote in Hanover Park, IL 60133	ME	MID_LEVEL	Up to $125,000 a year
982b8e63175a39c6	Teradyne	Mechanical Engineer, Test Cell Engineering	North Reading, MA 01864	ME	MID_LEVEL	Estimated $94.9K - $120K a year
de720456c7126627	Pratt & Whitney	Sr Engineer, Design F135 Fan (Hybrid)	Middletown, CT	ME	MID_LEVEL	NA
9015f1e280f8d3bb	Motive Companies	Vehicle Dynamics Engineer	Brownsburg, IN	ME	MID_LEVEL	$1,730 - $2,115 a week
2fc671bcbc54040d	G&W Electric	Manager, Design Engineering	Bolingbrook, IL 60440	ME	MID_LEVEL	NA
e2eb2885b6cc037f	Panevo	Engineering Graduate - Sustainability & Industrial Energy Management	Hybrid remote in Chicago, IL 60606	ME	MID_LEVEL	$65,000 - $85,000 a year
c8162d348dc1eb1d	Accura Engineering & Consulting Services, Inc.	Mechanical Engineer (Huntsville, AL)	Knoxville, TN 37902 (Downtown area)	ME	MID_LEVEL	$80,000 - $100,000 a year
45a8caa2b6c5cf8c	Accura Engineering & Consulting Services, Inc.	Mechanical Engineer (Huntsville, AL)	Chattanooga, TN 37409	ME	MID_LEVEL	$80,000 - $100,000 a year
18d2185232ecfb27	Accura Engineering & Consulting Services, Inc.	Mechanical Engineer (Huntsville, AL)	Atlanta, GA 30340	ME	MID_LEVEL	$80,000 - $100,000 a year
56d7e707c9d09cd9	Accura Engineering & Consulting Services, Inc.	Mechanical Engineer (Huntsville, AL)	Birmingham, AL 35201	ME	MID_LEVEL	$80,000 - $100,000 a year
cb29877402ed9552	Accura Engineering & Consulting Services, Inc.	Mechanical Engineer (Huntsville, AL)	Nashville, TN 37203	ME	MID_LEVEL	$80,000 - $100,000 a year
525cfbf467f6c65f	Accura Engineering & Consulting Services, Inc.	Mechanical Engineer (Huntsville, AL)	Memphis, TN 38103 (Downtown area)	ME	MID_LEVEL	$80,000 - $100,000 a year
b7a19c801df705b8	Accura Engineering & Consulting Services, Inc.	Mechanical Engineer (Huntsville, AL)	Memphis, TN 38103 (Downtown area)	ME	MID_LEVEL	$80,000 - $100,000 a year
7f8cd843ae89110d	Kelvin	Mechanical Engineer	Hybrid remote in Brooklyn, NY 11205	ME	MID_LEVEL	$90,000 - $125,000 a year
d943a36a61767eeb	I7 LLC	Military Base Mechanical Engineer Construction -Contract2Hire	Warner Robins, GA	ME	MID_LEVEL	$35 - $38 an hour
4e160db494a58dcc	Triumph Group	Project Engineer 3	West Hartford, CT 06110	ME	MID_LEVEL	NA
f47491b04a213a4b	Triumph Group	Project Engineer 3	West Hartford, CT 06110	ME	MID_LEVEL	NA
ab8cb803ea023915	Rinnai America Corp	Regulatory and Government Affairs Manager	Peachtree City, GA 30269	ME	MID_LEVEL	Estimated $89K - $113K a year
3b90501ed7ed96eb	Apple	Mechanical Design Engineer - Product Design Architecture	Austin, TX	ME	MID_LEVEL	NA
5e75722efc151193	Northstar Logix	CAE Engineer - Occupant Safety	Hybrid remote in Irvine, CA 92618	ME	MID_LEVEL	$70,778.70 - $80,711.98 a year
cbb9a887f64bd266	Apple	Manufacturing Design Engineer - Antenna Modules	Cupertino, CA	ME	MID_LEVEL	NA
8ce17e86435653fb	Apple	Thermal Engineer	San Diego, CA	ME	MID_LEVEL	NA
abf32d820c3dcceb	Amgen	Senior Manufacturing System Engineer –Drug Substance (Automation)	Juncos, PR	ME	MID_LEVEL	$129,515 - $151,086 a year
e0d12e67e80417d6	Sincera	Mechanical Design Engineer	Remote	ME	MID_LEVEL	$45 - $55 an hour
2da76a28d85dbac4	Honda Development and Manufacturing of America,...	Plastics New Model Engineer	East Liberty, OH	ME	MID_LEVEL	Estimated $77.4K - $98K a year
5a46427d62695f15	Mitsubishi Electric Power Products, Inc.	Rolling Start Engineering Rotational Program	Warrendale, PA	ME	MID_LEVEL	Estimated $71.4K - $90.4K a year
174f6a991baaead3	Elite Automation	Mechanical Engineer	Lindon, UT 84042	ME	MID_LEVEL	$50,000 - $110,000 a year
e88dcbd5980c648b	L3Harris Technologies	Specialist, Mechanical Engineer	Palm Bay, FL	ME	MID_LEVEL	Estimated $105K - $132K a year
714b7e3c13e61314	Meta	Technical Program Manager, Audio HW subsystems	Redmond, WA	ME	MID_LEVEL	$132,000 - $196,000 a year
4a446f0e1c99f227	Gulfstream Aerospace Corporation	Completions Flammability Engineer ODA AR Candidacy - Tech Spec II	Dallas, TX	ME	MID_LEVEL	Estimated $109K - $139K a year
4fa8cd246688e8b1	Terminal Investment Corporation (TICO)	Mechanical Engineer	Ridgeland, SC 29936	ME	MID_LEVEL	Estimated $72.2K - $91.4K a year
e5c5740a5e4483c6	J.S. Held	Equipment Mechanical Engineer	Anaheim, CA 92807	ME	MID_LEVEL	$85,000 - $120,000 a year
fadfb303d815d166	Amazon Data Services, Inc.	Commissioning Engineer	Dallas, TX	ME	MID_LEVEL	Estimated $83.7K - $106K a year
3d102ceefa634d03	Thermo Fisher Scientific	Engineer III, Robotics Engineer - Lenexa, KS	Lenexa, KS 66215	ME	MID_LEVEL	Estimated $92.9K - $118K a year
7ee6757d7a440d86	GHT Limited Consulting Engineers	Plumbing Design Engineer	Arlington, VA	ME	MID_LEVEL	Estimated $81.8K - $104K a year
1c5d67ebf8fa0f16	Thermo Fisher Scientific	Field Service Engineer II - Liquid Handling	Houston, TX 77070	ME	MID_LEVEL	Estimated $75.2K - $95.3K a year
b1c763020356a246	Thermo Fisher Scientific	Field Service Engineer II - Liquid Handling	Miami, FL	ME	MID_LEVEL	Estimated $72.9K - $92.3K a year
870e3e0af660e70e	Thermo Fisher Scientific	Field Service Engineer II - Liquid Handling	Atlanta, GA 30320	ME	MID_LEVEL	Estimated $72.2K - $91.4K a year
ace9ab7b527abcf8	Thermo Fisher Scientific	Field Service Engineer II - Liquid Handling	Houston, TX 77070	ME	MID_LEVEL	Estimated $75.2K - $95.3K a year
9c7512e8d0c7eb6b	Thermo Fisher Scientific	Field Service Engineer II - Liquid Handling	Maryland	ME	MID_LEVEL	Estimated $76.2K - $96.5K a year
92d565ac4611776a	FLAG Solutions	Maintenance/EHS Manager - Forging Aerospace Company - 110k to 120k	Santa Ana, CA	ME	MID_LEVEL	$110,000 - $120,000 a year
24fcec7cc413316d	Thermo Fisher Scientific	Field Service Engineer II - Liquid Handling	Miami, FL	ME	MID_LEVEL	Estimated $72.9K - $92.3K a year
deb2963bb5213a05	Thermo Fisher Scientific	Field Service Engineer II - Liquid Handling	Maryland	ME	MID_LEVEL	Estimated $76.2K - $96.5K a year
4820e8cefe5e73f2	Thermo Fisher Scientific	Field Service Engineer II - Liquid Handling	Atlanta, GA 30320	ME	MID_LEVEL	Estimated $72.2K - $91.4K a year
d0f22d77a9124b9e	GHT Limited Consulting Engineers	Mechanical Design Engineers	Arlington, VA	ME	MID_LEVEL	Estimated $73.7K - $93.3K a year
3f4420cc8a7f87f8	BHS Corrugated North America	Robotics Applications Engineer	Hybrid remote in Hanover Park, IL 60133	ME	MID_LEVEL	Up to $125,000 a year
982b8e63175a39c6	Teradyne	Mechanical Engineer, Test Cell Engineering	North Reading, MA 01864	ME	MID_LEVEL	Estimated $94.9K - $120K a year
de720456c7126627	Pratt & Whitney	Sr Engineer, Design F135 Fan (Hybrid)	Middletown, CT	ME	MID_LEVEL	NA
9015f1e280f8d3bb	Motive Companies	Vehicle Dynamics Engineer	Brownsburg, IN	ME	MID_LEVEL	$1,730 - $2,115 a week
2fc671bcbc54040d	G&W Electric	Manager, Design Engineering	Bolingbrook, IL 60440	ME	MID_LEVEL	NA
e2eb2885b6cc037f	Panevo	Engineering Graduate - Sustainability & Industrial Energy Management	Hybrid remote in Chicago, IL 60606	ME	MID_LEVEL	$65,000 - $85,000 a year
c8162d348dc1eb1d	Accura Engineering & Consulting Services, Inc.	Mechanical Engineer (Huntsville, AL)	Knoxville, TN 37902 (Downtown area)	ME	MID_LEVEL	$80,000 - $100,000 a year
45a8caa2b6c5cf8c	Accura Engineering & Consulting Services, Inc.	Mechanical Engineer (Huntsville, AL)	Chattanooga, TN 37409	ME	MID_LEVEL	$80,000 - $100,000 a year
18d2185232ecfb27	Accura Engineering & Consulting Services, Inc.	Mechanical Engineer (Huntsville, AL)	Atlanta, GA 30340	ME	MID_LEVEL	$80,000 - $100,000 a year
cb29877402ed9552	Accura Engineering & Consulting Services, Inc.	Mechanical Engineer (Huntsville, AL)	Nashville, TN 37203	ME	MID_LEVEL	$80,000 - $100,000 a year
56d7e707c9d09cd9	Accura Engineering & Consulting Services, Inc.	Mechanical Engineer (Huntsville, AL)	Birmingham, AL 35201	ME	MID_LEVEL	$80,000 - $100,000 a year
525cfbf467f6c65f	Accura Engineering & Consulting Services, Inc.	Mechanical Engineer (Huntsville, AL)	Memphis, TN 38103 (Downtown area)	ME	MID_LEVEL	$80,000 - $100,000 a year
b7a19c801df705b8	Accura Engineering & Consulting Services, Inc.	Mechanical Engineer (Huntsville, AL)	Memphis, TN 38103 (Downtown area)	ME	MID_LEVEL	$80,000 - $100,000 a year
7f8cd843ae89110d	Kelvin	Mechanical Engineer	Hybrid remote in Brooklyn, NY 11205	ME	MID_LEVEL	$90,000 - $125,000 a year
d943a36a61767eeb	I7 LLC	Military Base Mechanical Engineer Construction -Contract2Hire	Warner Robins, GA	ME	MID_LEVEL	$35 - $38 an hour
4e160db494a58dcc	Triumph Group	Project Engineer 3	West Hartford, CT 06110	ME	MID_LEVEL	NA
f47491b04a213a4b	Triumph Group	Project Engineer 3	West Hartford, CT 06110	ME	MID_LEVEL	NA
ab8cb803ea023915	Rinnai America Corp	Regulatory and Government Affairs Manager	Peachtree City, GA 30269	ME	MID_LEVEL	Estimated $89K - $113K a year
5e75722efc151193	Northstar Logix	CAE Engineer - Occupant Safety	Hybrid remote in Irvine, CA 92618	ME	MID_LEVEL	$70,778.70 - $80,711.98 a year
cbb9a887f64bd266	Apple	Manufacturing Design Engineer - Antenna Modules	Cupertino, CA	ME	MID_LEVEL	NA
3b90501ed7ed96eb	Apple	Mechanical Design Engineer - Product Design Architecture	Austin, TX	ME	MID_LEVEL	NA
8ce17e86435653fb	Apple	Thermal Engineer	San Diego, CA	ME	MID_LEVEL	NA
abf32d820c3dcceb	Amgen	Senior Manufacturing System Engineer –Drug Substance (Automation)	Juncos, PR	ME	MID_LEVEL	$129,515 - $151,086 a year
e0d12e67e80417d6	Sincera	Mechanical Design Engineer	Remote	ME	MID_LEVEL	$45 - $55 an hour
2da76a28d85dbac4	Honda Development and Manufacturing of America,...	Plastics New Model Engineer	East Liberty, OH	ME	MID_LEVEL	Estimated $77.4K - $98K a year
5a46427d62695f15	Mitsubishi Electric Power Products, Inc.	Rolling Start Engineering Rotational Program	Warrendale, PA	ME	MID_LEVEL	Estimated $71.4K - $90.4K a year
174f6a991baaead3	Elite Automation	Mechanical Engineer	Lindon, UT 84042	ME	MID_LEVEL	$50,000 - $110,000 a year
e88dcbd5980c648b	L3Harris Technologies	Specialist, Mechanical Engineer	Palm Bay, FL	ME	MID_LEVEL	Estimated $105K - $132K a year
714b7e3c13e61314	Meta	Technical Program Manager, Audio HW subsystems	Redmond, WA	ME	MID_LEVEL	$132,000 - $196,000 a year
4a446f0e1c99f227	Gulfstream Aerospace Corporation	Completions Flammability Engineer ODA AR Candidacy - Tech Spec II	Dallas, TX	ME	MID_LEVEL	Estimated $109K - $139K a year
4fa8cd246688e8b1	Terminal Investment Corporation (TICO)	Mechanical Engineer	Ridgeland, SC 29936	ME	MID_LEVEL	Estimated $72.2K - $91.4K a year
3e1007bc4b0b7207	JH Kelly	Mechanical Project Engineer	Vancouver, WA 98661 (Columbia Way area)	ME	MID_LEVEL	$35 - $55 an hour
